ID,Week,Location,Product,Quantity,Year
1000,1,Vancouver,A4 Batteries (4-pack),69,2002
1001,2,Vancouver,A4 Batteries (4-pack),115,2002
1002,3,Vancouver,A4 Batteries (4-pack),99,2002
1003,4,Vancouver,A4 Batteries (4-pack),98,2002
1004,5,Vancouver,A4 Batteries (4-pack),102,2002
1005,6,Vancouver,A4 Batteries (4-pack),148,2002
1006,7,Vancouver,A4 Batteries (4-pack),25,2002
1007,8,Vancouver,A4 Batteries (4-pack),134,2002
1008,9,Vancouver,A4 Batteries (4-pack),52,2002
1009,10,Vancouver,A4 Batteries (4-pack),132,2002
1010,11,Vancouver,A4 Batteries (4-pack),117,2002
1011,12,Vancouver,A4 Batteries (4-pack),61,2002
1012,13,Vancouver,A4 Batteries (4-pack),119,2002
1013,14,Vancouver,A4 Batteries (4-pack),132,2002
1014,15,Vancouver,A4 Batteries (4-pack),52,2002
1015,16,Vancouver,A4 Batteries (4-pack),77,2002
1016,17,Vancouver,A4 Batteries (4-pack),22,2002
1017,18,Vancouver,A4 Batteries (4-pack),65,2002
1018,19,Vancouver,A4 Batteries (4-pack),103,2002
1019,20,Vancouver,A4 Batteries (4-pack),100,2002
1020,21,Vancouver,A4 Batteries (4-pack),79,2002
1021,22,Vancouver,A4 Batteries (4-pack),67,2002
1022,23,Vancouver,A4 Batteries (4-pack),125,2002
1023,24,Vancouver,A4 Batteries (4-pack),126,2002
1024,25,Vancouver,A4 Batteries (4-pack),103,2002
1025,26,Vancouver,A4 Batteries (4-pack),81,2002
1026,27,Vancouver,A4 Batteries (4-pack),31,2002
1027,28,Vancouver,A4 Batteries (4-pack),128,2002
1028,29,Vancouver,A4 Batteries (4-pack),87,2002
1029,30,Vancouver,A4 Batteries (4-pack),115,2002
1030,31,Vancouver,A4 Batteries (4-pack),81,2002
1031,32,Vancouver,A4 Batteries (4-pack),47,2002
1032,33,Vancouver,A4 Batteries (4-pack),85,2002
1033,34,Vancouver,A4 Batteries (4-pack),50,2002
1034,35,Vancouver,A4 Batteries (4-pack),140,2002
1035,36,Vancouver,A4 Batteries (4-pack),25,2002
1036,37,Vancouver,A4 Batteries (4-pack),77,2002
1037,38,Vancouver,A4 Batteries (4-pack),129,2002
1038,39,Vancouver,A4 Batteries (4-pack),61,2002
1039,40,Vancouver,A4 Batteries (4-pack),72,2002
1040,41,Vancouver,A4 Batteries (4-pack),109,2002
1041,42,Vancouver,A4 Batteries (4-pack),87,2002
1042,43,Vancouver,A4 Batteries (4-pack),61,2002
1043,44,Vancouver,A4 Batteries (4-pack),21,2002
1044,45,Vancouver,A4 Batteries (4-pack),30,2002
1045,46,Vancouver,A4 Batteries (4-pack),60,2002
1046,47,Vancouver,A4 Batteries (4-pack),123,2002
1047,48,Vancouver,A4 Batteries (4-pack),25,2002
1048,49,Vancouver,A4 Batteries (4-pack),94,2002
1049,50,Vancouver,A4 Batteries (4-pack),125,2002
1050,51,Vancouver,A4 Batteries (4-pack),56,2002
1051,52,Vancouver,A4 Batteries (4-pack),65,2002
1052,1,Vancouver,A4 Batteries (4-pack),124,2003
1053,2,Vancouver,A4 Batteries (4-pack),80,2003
1054,3,Vancouver,A4 Batteries (4-pack),108,2003
1055,4,Vancouver,A4 Batteries (4-pack),148,2003
1056,5,Vancouver,A4 Batteries (4-pack),132,2003
1057,6,Vancouver,A4 Batteries (4-pack),59,2003
1058,7,Vancouver,A4 Batteries (4-pack),55,2003
1059,8,Vancouver,A4 Batteries (4-pack),99,2003
1060,9,Vancouver,A4 Batteries (4-pack),117,2003
1061,10,Vancouver,A4 Batteries (4-pack),62,2003
1062,11,Vancouver,A4 Batteries (4-pack),80,2003
1063,12,Vancouver,A4 Batteries (4-pack),106,2003
1064,13,Vancouver,A4 Batteries (4-pack),30,2003
1065,14,Vancouver,A4 Batteries (4-pack),36,2003
1066,15,Vancouver,A4 Batteries (4-pack),123,2003
1067,16,Vancouver,A4 Batteries (4-pack),83,2003
1068,17,Vancouver,A4 Batteries (4-pack),87,2003
1069,18,Vancouver,A4 Batteries (4-pack),146,2003
1070,19,Vancouver,A4 Batteries (4-pack),39,2003
1071,20,Vancouver,A4 Batteries (4-pack),123,2003
1072,21,Vancouver,A4 Batteries (4-pack),145,2003
1073,22,Vancouver,A4 Batteries (4-pack),58,2003
1074,23,Vancouver,A4 Batteries (4-pack),50,2003
1075,24,Vancouver,A4 Batteries (4-pack),148,2003
1076,25,Vancouver,A4 Batteries (4-pack),106,2003
1077,26,Vancouver,A4 Batteries (4-pack),96,2003
1078,27,Vancouver,A4 Batteries (4-pack),36,2003
1079,28,Vancouver,A4 Batteries (4-pack),24,2003
1080,29,Vancouver,A4 Batteries (4-pack),45,2003
1081,30,Vancouver,A4 Batteries (4-pack),81,2003
1082,31,Vancouver,A4 Batteries (4-pack),125,2003
1083,32,Vancouver,A4 Batteries (4-pack),126,2003
1084,33,Vancouver,A4 Batteries (4-pack),70,2003
1085,34,Vancouver,A4 Batteries (4-pack),24,2003
1086,35,Vancouver,A4 Batteries (4-pack),137,2003
1087,36,Vancouver,A4 Batteries (4-pack),114,2003
1088,37,Vancouver,A4 Batteries (4-pack),138,2003
1089,38,Vancouver,A4 Batteries (4-pack),23,2003
1090,39,Vancouver,A4 Batteries (4-pack),148,2003
1091,40,Vancouver,A4 Batteries (4-pack),33,2003
1092,41,Vancouver,A4 Batteries (4-pack),134,2003
1093,42,Vancouver,A4 Batteries (4-pack),61,2003
1094,43,Vancouver,A4 Batteries (4-pack),108,2003
1095,44,Vancouver,A4 Batteries (4-pack),149,2003
1096,45,Vancouver,A4 Batteries (4-pack),46,2003
1097,46,Vancouver,A4 Batteries (4-pack),90,2003
1098,47,Vancouver,A4 Batteries (4-pack),60,2003
1099,48,Vancouver,A4 Batteries (4-pack),39,2003
1100,49,Vancouver,A4 Batteries (4-pack),100,2003
1101,50,Vancouver,A4 Batteries (4-pack),104,2003
1102,51,Vancouver,A4 Batteries (4-pack),132,2003
1103,52,Vancouver,A4 Batteries (4-pack),125,2003
1104,1,Vancouver,A4 Batteries (4-pack),106,2004
1105,2,Vancouver,A4 Batteries (4-pack),86,2004
1106,3,Vancouver,A4 Batteries (4-pack),106,2004
1107,4,Vancouver,A4 Batteries (4-pack),53,2004
1108,5,Vancouver,A4 Batteries (4-pack),119,2004
1109,6,Vancouver,A4 Batteries (4-pack),100,2004
1110,7,Vancouver,A4 Batteries (4-pack),51,2004
1111,8,Vancouver,A4 Batteries (4-pack),137,2004
1112,9,Vancouver,A4 Batteries (4-pack),60,2004
1113,10,Vancouver,A4 Batteries (4-pack),88,2004
1114,11,Vancouver,A4 Batteries (4-pack),32,2004
1115,12,Vancouver,A4 Batteries (4-pack),22,2004
1116,13,Vancouver,A4 Batteries (4-pack),29,2004
1117,14,Vancouver,A4 Batteries (4-pack),32,2004
1118,15,Vancouver,A4 Batteries (4-pack),45,2004
1119,16,Vancouver,A4 Batteries (4-pack),98,2004
1120,17,Vancouver,A4 Batteries (4-pack),72,2004
1121,18,Vancouver,A4 Batteries (4-pack),114,2004
1122,19,Vancouver,A4 Batteries (4-pack),52,2004
1123,20,Vancouver,A4 Batteries (4-pack),118,2004
1124,21,Vancouver,A4 Batteries (4-pack),31,2004
1125,22,Vancouver,A4 Batteries (4-pack),26,2004
1126,23,Vancouver,A4 Batteries (4-pack),24,2004
1127,24,Vancouver,A4 Batteries (4-pack),53,2004
1128,25,Vancouver,A4 Batteries (4-pack),146,2004
1129,26,Vancouver,A4 Batteries (4-pack),56,2004
1130,27,Vancouver,A4 Batteries (4-pack),79,2004
1131,28,Vancouver,A4 Batteries (4-pack),38,2004
1132,29,Vancouver,A4 Batteries (4-pack),116,2004
1133,30,Vancouver,A4 Batteries (4-pack),111,2004
1134,31,Vancouver,A4 Batteries (4-pack),82,2004
1135,32,Vancouver,A4 Batteries (4-pack),147,2004
1136,33,Vancouver,A4 Batteries (4-pack),69,2004
1137,34,Vancouver,A4 Batteries (4-pack),107,2004
1138,35,Vancouver,A4 Batteries (4-pack),51,2004
1139,36,Vancouver,A4 Batteries (4-pack),139,2004
1140,37,Vancouver,A4 Batteries (4-pack),102,2004
1141,38,Vancouver,A4 Batteries (4-pack),135,2004
1142,39,Vancouver,A4 Batteries (4-pack),132,2004
1143,40,Vancouver,A4 Batteries (4-pack),73,2004
1144,41,Vancouver,A4 Batteries (4-pack),57,2004
1145,42,Vancouver,A4 Batteries (4-pack),60,2004
1146,43,Vancouver,A4 Batteries (4-pack),107,2004
1147,44,Vancouver,A4 Batteries (4-pack),41,2004
1148,45,Vancouver,A4 Batteries (4-pack),61,2004
1149,46,Vancouver,A4 Batteries (4-pack),88,2004
1150,47,Vancouver,A4 Batteries (4-pack),138,2004
1151,48,Vancouver,A4 Batteries (4-pack),22,2004
1152,49,Vancouver,A4 Batteries (4-pack),148,2004
1153,50,Vancouver,A4 Batteries (4-pack),63,2004
1154,51,Vancouver,A4 Batteries (4-pack),113,2004
1155,52,Vancouver,A4 Batteries (4-pack),89,2004
1156,1,Vancouver,A4 Batteries (4-pack),72,2005
1157,2,Vancouver,A4 Batteries (4-pack),64,2005
1158,3,Vancouver,A4 Batteries (4-pack),147,2005
1159,4,Vancouver,A4 Batteries (4-pack),57,2005
1160,5,Vancouver,A4 Batteries (4-pack),54,2005
1161,6,Vancouver,A4 Batteries (4-pack),93,2005
1162,7,Vancouver,A4 Batteries (4-pack),32,2005
1163,8,Vancouver,A4 Batteries (4-pack),85,2005
1164,9,Vancouver,A4 Batteries (4-pack),53,2005
1165,10,Vancouver,A4 Batteries (4-pack),50,2005
1166,11,Vancouver,A4 Batteries (4-pack),140,2005
1167,12,Vancouver,A4 Batteries (4-pack),22,2005
1168,13,Vancouver,A4 Batteries (4-pack),48,2005
1169,14,Vancouver,A4 Batteries (4-pack),99,2005
1170,15,Vancouver,A4 Batteries (4-pack),29,2005
1171,16,Vancouver,A4 Batteries (4-pack),26,2005
1172,17,Vancouver,A4 Batteries (4-pack),32,2005
1173,18,Vancouver,A4 Batteries (4-pack),87,2005
1174,19,Vancouver,A4 Batteries (4-pack),146,2005
1175,20,Vancouver,A4 Batteries (4-pack),113,2005
1176,21,Vancouver,A4 Batteries (4-pack),26,2005
1177,22,Vancouver,A4 Batteries (4-pack),97,2005
1178,23,Vancouver,A4 Batteries (4-pack),98,2005
1179,24,Vancouver,A4 Batteries (4-pack),94,2005
1180,25,Vancouver,A4 Batteries (4-pack),127,2005
1181,26,Vancouver,A4 Batteries (4-pack),61,2005
1182,27,Vancouver,A4 Batteries (4-pack),61,2005
1183,28,Vancouver,A4 Batteries (4-pack),102,2005
1184,29,Vancouver,A4 Batteries (4-pack),124,2005
1185,30,Vancouver,A4 Batteries (4-pack),31,2005
1186,31,Vancouver,A4 Batteries (4-pack),64,2005
1187,32,Vancouver,A4 Batteries (4-pack),112,2005
1188,33,Vancouver,A4 Batteries (4-pack),65,2005
1189,34,Vancouver,A4 Batteries (4-pack),109,2005
1190,35,Vancouver,A4 Batteries (4-pack),63,2005
1191,36,Vancouver,A4 Batteries (4-pack),47,2005
1192,37,Vancouver,A4 Batteries (4-pack),90,2005
1193,38,Vancouver,A4 Batteries (4-pack),28,2005
1194,39,Vancouver,A4 Batteries (4-pack),46,2005
1195,40,Vancouver,A4 Batteries (4-pack),50,2005
1196,41,Vancouver,A4 Batteries (4-pack),47,2005
1197,42,Vancouver,A4 Batteries (4-pack),51,2005
1198,43,Vancouver,A4 Batteries (4-pack),79,2005
1199,44,Vancouver,A4 Batteries (4-pack),145,2005
1200,45,Vancouver,A4 Batteries (4-pack),129,2005
1201,46,Vancouver,A4 Batteries (4-pack),75,2005
1202,47,Vancouver,A4 Batteries (4-pack),86,2005
1203,48,Vancouver,A4 Batteries (4-pack),122,2005
1204,49,Vancouver,A4 Batteries (4-pack),48,2005
1205,50,Vancouver,A4 Batteries (4-pack),93,2005
1206,51,Vancouver,A4 Batteries (4-pack),47,2005
1207,52,Vancouver,A4 Batteries (4-pack),73,2005
1208,1,Vancouver,A4 Batteries (4-pack),134,2006
1209,2,Vancouver,A4 Batteries (4-pack),109,2006
1210,3,Vancouver,A4 Batteries (4-pack),99,2006
1211,4,Vancouver,A4 Batteries (4-pack),36,2006
1212,5,Vancouver,A4 Batteries (4-pack),147,2006
1213,6,Vancouver,A4 Batteries (4-pack),124,2006
1214,7,Vancouver,A4 Batteries (4-pack),147,2006
1215,8,Vancouver,A4 Batteries (4-pack),81,2006
1216,9,Vancouver,A4 Batteries (4-pack),126,2006
1217,10,Vancouver,A4 Batteries (4-pack),24,2006
1218,11,Vancouver,A4 Batteries (4-pack),56,2006
1219,12,Vancouver,A4 Batteries (4-pack),37,2006
1220,13,Vancouver,A4 Batteries (4-pack),82,2006
1221,14,Vancouver,A4 Batteries (4-pack),46,2006
1222,15,Vancouver,A4 Batteries (4-pack),90,2006
1223,16,Vancouver,A4 Batteries (4-pack),55,2006
1224,17,Vancouver,A4 Batteries (4-pack),63,2006
1225,18,Vancouver,A4 Batteries (4-pack),57,2006
1226,19,Vancouver,A4 Batteries (4-pack),52,2006
1227,20,Vancouver,A4 Batteries (4-pack),82,2006
1228,21,Vancouver,A4 Batteries (4-pack),89,2006
1229,22,Vancouver,A4 Batteries (4-pack),138,2006
1230,23,Vancouver,A4 Batteries (4-pack),138,2006
1231,24,Vancouver,A4 Batteries (4-pack),90,2006
1232,25,Vancouver,A4 Batteries (4-pack),32,2006
1233,26,Vancouver,A4 Batteries (4-pack),31,2006
1234,27,Vancouver,A4 Batteries (4-pack),88,2006
1235,28,Vancouver,A4 Batteries (4-pack),43,2006
1236,29,Vancouver,A4 Batteries (4-pack),148,2006
1237,30,Vancouver,A4 Batteries (4-pack),35,2006
1238,31,Vancouver,A4 Batteries (4-pack),69,2006
1239,32,Vancouver,A4 Batteries (4-pack),42,2006
1240,33,Vancouver,A4 Batteries (4-pack),69,2006
1241,34,Vancouver,A4 Batteries (4-pack),115,2006
1242,35,Vancouver,A4 Batteries (4-pack),99,2006
1243,36,Vancouver,A4 Batteries (4-pack),98,2006
1244,37,Vancouver,A4 Batteries (4-pack),102,2006
1245,38,Vancouver,A4 Batteries (4-pack),148,2006
1246,39,Vancouver,A4 Batteries (4-pack),25,2006
1247,40,Vancouver,A4 Batteries (4-pack),134,2006
1248,41,Vancouver,A4 Batteries (4-pack),52,2006
1249,42,Vancouver,A4 Batteries (4-pack),132,2006
1250,43,Vancouver,A4 Batteries (4-pack),117,2006
1251,44,Vancouver,A4 Batteries (4-pack),61,2006
1252,45,Vancouver,A4 Batteries (4-pack),119,2006
1253,46,Vancouver,A4 Batteries (4-pack),132,2006
1254,47,Vancouver,A4 Batteries (4-pack),52,2006
1255,48,Vancouver,A4 Batteries (4-pack),77,2006
1256,49,Vancouver,A4 Batteries (4-pack),22,2006
1257,50,Vancouver,A4 Batteries (4-pack),65,2006
1258,51,Vancouver,A4 Batteries (4-pack),103,2006
1259,52,Vancouver,A4 Batteries (4-pack),100,2006
1260,1,Vancouver,A4 Batteries (4-pack),69,2007
1261,2,Vancouver,A4 Batteries (4-pack),115,2007
1262,3,Vancouver,A4 Batteries (4-pack),99,2007
1263,4,Vancouver,A4 Batteries (4-pack),98,2007
1264,5,Vancouver,A4 Batteries (4-pack),102,2007
1265,6,Vancouver,A4 Batteries (4-pack),148,2007
1266,7,Vancouver,A4 Batteries (4-pack),25,2007
1267,8,Vancouver,A4 Batteries (4-pack),134,2007
1268,9,Vancouver,A4 Batteries (4-pack),52,2007
1269,10,Vancouver,A4 Batteries (4-pack),132,2007
1270,11,Vancouver,A4 Batteries (4-pack),117,2007
1271,12,Vancouver,A4 Batteries (4-pack),61,2007
1272,13,Vancouver,A4 Batteries (4-pack),119,2007
1273,14,Vancouver,A4 Batteries (4-pack),132,2007
1274,15,Vancouver,A4 Batteries (4-pack),52,2007
1275,16,Vancouver,A4 Batteries (4-pack),77,2007
1276,17,Vancouver,A4 Batteries (4-pack),22,2007
1277,18,Vancouver,A4 Batteries (4-pack),65,2007
1278,19,Vancouver,A4 Batteries (4-pack),103,2007
1279,20,Vancouver,A4 Batteries (4-pack),100,2007
1280,21,Vancouver,A4 Batteries (4-pack),79,2007
1281,22,Vancouver,A4 Batteries (4-pack),67,2007
1282,23,Vancouver,A4 Batteries (4-pack),125,2007
1283,24,Vancouver,A4 Batteries (4-pack),126,2007
1284,25,Vancouver,A4 Batteries (4-pack),103,2007
1285,26,Vancouver,A4 Batteries (4-pack),81,2007
1286,27,Vancouver,A4 Batteries (4-pack),31,2007
1287,28,Vancouver,A4 Batteries (4-pack),128,2007
1288,29,Vancouver,A4 Batteries (4-pack),87,2007
1289,30,Vancouver,A4 Batteries (4-pack),115,2007
1290,31,Vancouver,A4 Batteries (4-pack),81,2007
1291,32,Vancouver,A4 Batteries (4-pack),47,2007
1292,33,Vancouver,A4 Batteries (4-pack),85,2007
1293,34,Vancouver,A4 Batteries (4-pack),50,2007
1294,35,Vancouver,A4 Batteries (4-pack),140,2007
1295,36,Vancouver,A4 Batteries (4-pack),25,2007
1296,37,Vancouver,A4 Batteries (4-pack),77,2007
1297,38,Vancouver,A4 Batteries (4-pack),129,2007
1298,39,Vancouver,A4 Batteries (4-pack),61,2007
1299,40,Vancouver,A4 Batteries (4-pack),72,2007
1300,41,Vancouver,A4 Batteries (4-pack),109,2007
1301,42,Vancouver,A4 Batteries (4-pack),87,2007
1302,43,Vancouver,A4 Batteries (4-pack),61,2007
1303,44,Vancouver,A4 Batteries (4-pack),21,2007
1304,45,Vancouver,A4 Batteries (4-pack),30,2007
1305,46,Vancouver,A4 Batteries (4-pack),60,2007
1306,47,Vancouver,A4 Batteries (4-pack),123,2007
1307,48,Vancouver,A4 Batteries (4-pack),25,2007
1308,49,Vancouver,A4 Batteries (4-pack),94,2007
1309,50,Vancouver,A4 Batteries (4-pack),125,2007
1310,51,Vancouver,A4 Batteries (4-pack),56,2007
1311,52,Vancouver,A4 Batteries (4-pack),65,2007
1312,1,Vancouver,A4 Batteries (4-pack),124,2008
1313,2,Vancouver,A4 Batteries (4-pack),80,2008
1314,3,Vancouver,A4 Batteries (4-pack),108,2008
1315,4,Vancouver,A4 Batteries (4-pack),148,2008
1316,5,Vancouver,A4 Batteries (4-pack),132,2008
1317,6,Vancouver,A4 Batteries (4-pack),59,2008
1318,7,Vancouver,A4 Batteries (4-pack),55,2008
1319,8,Vancouver,A4 Batteries (4-pack),99,2008
1320,9,Vancouver,A4 Batteries (4-pack),117,2008
1321,10,Vancouver,A4 Batteries (4-pack),62,2008
1322,11,Vancouver,A4 Batteries (4-pack),80,2008
1323,12,Vancouver,A4 Batteries (4-pack),106,2008
1324,13,Vancouver,A4 Batteries (4-pack),30,2008
1325,14,Vancouver,A4 Batteries (4-pack),36,2008
1326,15,Vancouver,A4 Batteries (4-pack),123,2008
1327,16,Vancouver,A4 Batteries (4-pack),83,2008
1328,17,Vancouver,A4 Batteries (4-pack),87,2008
1329,18,Vancouver,A4 Batteries (4-pack),146,2008
1330,19,Vancouver,A4 Batteries (4-pack),39,2008
1331,20,Vancouver,A4 Batteries (4-pack),123,2008
1332,21,Vancouver,A4 Batteries (4-pack),145,2008
1333,22,Vancouver,A4 Batteries (4-pack),58,2008
1334,23,Vancouver,A4 Batteries (4-pack),50,2008
1335,24,Vancouver,A4 Batteries (4-pack),148,2008
1336,25,Vancouver,A4 Batteries (4-pack),106,2008
1337,26,Vancouver,A4 Batteries (4-pack),96,2008
1338,27,Vancouver,A4 Batteries (4-pack),36,2008
1339,28,Vancouver,A4 Batteries (4-pack),24,2008
1340,29,Vancouver,A4 Batteries (4-pack),45,2008
1341,30,Vancouver,A4 Batteries (4-pack),81,2008
1342,31,Vancouver,A4 Batteries (4-pack),125,2008
1343,32,Vancouver,A4 Batteries (4-pack),126,2008
1344,33,Vancouver,A4 Batteries (4-pack),70,2008
1345,34,Vancouver,A4 Batteries (4-pack),24,2008
1346,35,Vancouver,A4 Batteries (4-pack),137,2008
1347,36,Vancouver,A4 Batteries (4-pack),114,2008
1348,37,Vancouver,A4 Batteries (4-pack),138,2008
1349,38,Vancouver,A4 Batteries (4-pack),23,2008
1350,39,Vancouver,A4 Batteries (4-pack),148,2008
1351,40,Vancouver,A4 Batteries (4-pack),33,2008
1352,41,Vancouver,A4 Batteries (4-pack),134,2008
1353,42,Vancouver,A4 Batteries (4-pack),61,2008
1354,43,Vancouver,A4 Batteries (4-pack),108,2008
1355,44,Vancouver,A4 Batteries (4-pack),149,2008
1356,45,Vancouver,A4 Batteries (4-pack),46,2008
1357,46,Vancouver,A4 Batteries (4-pack),90,2008
1358,47,Vancouver,A4 Batteries (4-pack),60,2008
1359,48,Vancouver,A4 Batteries (4-pack),39,2008
1360,49,Vancouver,A4 Batteries (4-pack),100,2008
1361,50,Vancouver,A4 Batteries (4-pack),104,2008
1362,51,Vancouver,A4 Batteries (4-pack),132,2008
1363,52,Vancouver,A4 Batteries (4-pack),125,2008
1364,1,Vancouver,A4 Batteries (4-pack),106,2009
1365,2,Vancouver,A4 Batteries (4-pack),86,2009
1366,3,Vancouver,A4 Batteries (4-pack),106,2009
1367,4,Vancouver,A4 Batteries (4-pack),53,2009
1368,5,Vancouver,A4 Batteries (4-pack),119,2009
1369,6,Vancouver,A4 Batteries (4-pack),100,2009
1370,7,Vancouver,A4 Batteries (4-pack),51,2009
1371,8,Vancouver,A4 Batteries (4-pack),137,2009
1372,9,Vancouver,A4 Batteries (4-pack),60,2009
1373,10,Vancouver,A4 Batteries (4-pack),88,2009
1374,11,Vancouver,A4 Batteries (4-pack),32,2009
1375,12,Vancouver,A4 Batteries (4-pack),22,2009
1376,13,Vancouver,A4 Batteries (4-pack),29,2009
1377,14,Vancouver,A4 Batteries (4-pack),32,2009
1378,15,Vancouver,A4 Batteries (4-pack),45,2009
1379,16,Vancouver,A4 Batteries (4-pack),98,2009
1380,17,Vancouver,A4 Batteries (4-pack),72,2009
1381,18,Vancouver,A4 Batteries (4-pack),114,2009
1382,19,Vancouver,A4 Batteries (4-pack),52,2009
1383,20,Vancouver,A4 Batteries (4-pack),118,2009
1384,21,Vancouver,A4 Batteries (4-pack),31,2009
1385,22,Vancouver,A4 Batteries (4-pack),26,2009
1386,23,Vancouver,A4 Batteries (4-pack),24,2009
1387,24,Vancouver,A4 Batteries (4-pack),53,2009
1388,25,Vancouver,A4 Batteries (4-pack),146,2009
1389,26,Vancouver,A4 Batteries (4-pack),56,2009
1390,27,Vancouver,A4 Batteries (4-pack),79,2009
1391,28,Vancouver,A4 Batteries (4-pack),38,2009
1392,29,Vancouver,A4 Batteries (4-pack),116,2009
1393,30,Vancouver,A4 Batteries (4-pack),111,2009
1394,31,Vancouver,A4 Batteries (4-pack),82,2009
1395,32,Vancouver,A4 Batteries (4-pack),147,2009
1396,33,Vancouver,A4 Batteries (4-pack),69,2009
1397,34,Vancouver,A4 Batteries (4-pack),107,2009
1398,35,Vancouver,A4 Batteries (4-pack),51,2009
1399,36,Vancouver,A4 Batteries (4-pack),139,2009
1400,37,Vancouver,A4 Batteries (4-pack),102,2009
1401,38,Vancouver,A4 Batteries (4-pack),135,2009
1402,39,Vancouver,A4 Batteries (4-pack),132,2009
1403,40,Vancouver,A4 Batteries (4-pack),73,2009
1404,41,Vancouver,A4 Batteries (4-pack),57,2009
1405,42,Vancouver,A4 Batteries (4-pack),60,2009
1406,43,Vancouver,A4 Batteries (4-pack),107,2009
1407,44,Vancouver,A4 Batteries (4-pack),41,2009
1408,45,Vancouver,A4 Batteries (4-pack),61,2009
1409,46,Vancouver,A4 Batteries (4-pack),88,2009
1410,47,Vancouver,A4 Batteries (4-pack),138,2009
1411,48,Vancouver,A4 Batteries (4-pack),22,2009
1412,49,Vancouver,A4 Batteries (4-pack),148,2009
1413,50,Vancouver,A4 Batteries (4-pack),63,2009
1414,51,Vancouver,A4 Batteries (4-pack),113,2009
1415,52,Vancouver,A4 Batteries (4-pack),89,2009
1416,1,Vancouver,A4 Batteries (4-pack),72,2010
1417,2,Vancouver,A4 Batteries (4-pack),64,2010
1418,3,Vancouver,A4 Batteries (4-pack),147,2010
1419,4,Vancouver,A4 Batteries (4-pack),57,2010
1420,5,Vancouver,A4 Batteries (4-pack),54,2010
1421,6,Vancouver,A4 Batteries (4-pack),93,2010
1422,7,Vancouver,A4 Batteries (4-pack),32,2010
1423,8,Vancouver,A4 Batteries (4-pack),85,2010
1424,9,Vancouver,A4 Batteries (4-pack),53,2010
1425,10,Vancouver,A4 Batteries (4-pack),50,2010
1426,11,Vancouver,A4 Batteries (4-pack),140,2010
1427,12,Vancouver,A4 Batteries (4-pack),22,2010
1428,13,Vancouver,A4 Batteries (4-pack),48,2010
1429,14,Vancouver,A4 Batteries (4-pack),99,2010
1430,15,Vancouver,A4 Batteries (4-pack),29,2010
1431,16,Vancouver,A4 Batteries (4-pack),26,2010
1432,17,Vancouver,A4 Batteries (4-pack),32,2010
1433,18,Vancouver,A4 Batteries (4-pack),87,2010
1434,19,Vancouver,A4 Batteries (4-pack),146,2010
1435,20,Vancouver,A4 Batteries (4-pack),113,2010
1436,21,Vancouver,A4 Batteries (4-pack),26,2010
1437,22,Vancouver,A4 Batteries (4-pack),97,2010
1438,23,Vancouver,A4 Batteries (4-pack),98,2010
1439,24,Vancouver,A4 Batteries (4-pack),94,2010
1440,25,Vancouver,A4 Batteries (4-pack),127,2010
1441,26,Vancouver,A4 Batteries (4-pack),61,2010
1442,27,Vancouver,A4 Batteries (4-pack),61,2010
1443,28,Vancouver,A4 Batteries (4-pack),102,2010
1444,29,Vancouver,A4 Batteries (4-pack),124,2010
1445,30,Vancouver,A4 Batteries (4-pack),31,2010
1446,31,Vancouver,A4 Batteries (4-pack),64,2010
1447,32,Vancouver,A4 Batteries (4-pack),112,2010
1448,33,Vancouver,A4 Batteries (4-pack),65,2010
1449,34,Vancouver,A4 Batteries (4-pack),109,2010
1450,35,Vancouver,A4 Batteries (4-pack),63,2010
1451,36,Vancouver,A4 Batteries (4-pack),47,2010
1452,37,Vancouver,A4 Batteries (4-pack),90,2010
1453,38,Vancouver,A4 Batteries (4-pack),28,2010
1454,39,Vancouver,A4 Batteries (4-pack),46,2010
1455,40,Vancouver,A4 Batteries (4-pack),50,2010
1456,41,Vancouver,A4 Batteries (4-pack),47,2010
1457,42,Vancouver,A4 Batteries (4-pack),51,2010
1458,43,Vancouver,A4 Batteries (4-pack),79,2010
1459,44,Vancouver,A4 Batteries (4-pack),145,2010
1460,45,Vancouver,A4 Batteries (4-pack),129,2010
1461,46,Vancouver,A4 Batteries (4-pack),75,2010
1462,47,Vancouver,A4 Batteries (4-pack),86,2010
1463,48,Vancouver,A4 Batteries (4-pack),122,2010
1464,49,Vancouver,A4 Batteries (4-pack),48,2010
1465,50,Vancouver,A4 Batteries (4-pack),93,2010
1466,51,Vancouver,A4 Batteries (4-pack),47,2010
1467,52,Vancouver,A4 Batteries (4-pack),73,2010
1468,1,Vancouver,A4 Batteries (4-pack),134,2011
1469,2,Vancouver,A4 Batteries (4-pack),109,2011
1470,3,Vancouver,A4 Batteries (4-pack),99,2011
1471,4,Vancouver,A4 Batteries (4-pack),36,2011
1472,5,Vancouver,A4 Batteries (4-pack),147,2011
1473,6,Vancouver,A4 Batteries (4-pack),124,2011
1474,7,Vancouver,A4 Batteries (4-pack),147,2011
1475,8,Vancouver,A4 Batteries (4-pack),81,2011
1476,9,Vancouver,A4 Batteries (4-pack),126,2011
1477,10,Vancouver,A4 Batteries (4-pack),24,2011
1478,11,Vancouver,A4 Batteries (4-pack),56,2011
1479,12,Vancouver,A4 Batteries (4-pack),37,2011
1480,13,Vancouver,A4 Batteries (4-pack),82,2011
1481,14,Vancouver,A4 Batteries (4-pack),46,2011
1482,15,Vancouver,A4 Batteries (4-pack),90,2011
1483,16,Vancouver,A4 Batteries (4-pack),55,2011
1484,17,Vancouver,A4 Batteries (4-pack),63,2011
1485,18,Vancouver,A4 Batteries (4-pack),57,2011
1486,19,Vancouver,A4 Batteries (4-pack),52,2011
1487,20,Vancouver,A4 Batteries (4-pack),82,2011
1488,21,Vancouver,A4 Batteries (4-pack),89,2011
1489,22,Vancouver,A4 Batteries (4-pack),138,2011
1490,23,Vancouver,A4 Batteries (4-pack),138,2011
1491,24,Vancouver,A4 Batteries (4-pack),90,2011
1492,25,Vancouver,A4 Batteries (4-pack),32,2011
1493,26,Vancouver,A4 Batteries (4-pack),31,2011
1494,27,Vancouver,A4 Batteries (4-pack),88,2011
1495,28,Vancouver,A4 Batteries (4-pack),43,2011
1496,29,Vancouver,A4 Batteries (4-pack),148,2011
1497,30,Vancouver,A4 Batteries (4-pack),35,2011
1498,31,Vancouver,A4 Batteries (4-pack),69,2011
1499,32,Vancouver,A4 Batteries (4-pack),42,2011
1500,33,Vancouver,A4 Batteries (4-pack),69,2011
1501,34,Vancouver,A4 Batteries (4-pack),115,2011
1502,35,Vancouver,A4 Batteries (4-pack),99,2011
1503,36,Vancouver,A4 Batteries (4-pack),98,2011
1504,37,Vancouver,A4 Batteries (4-pack),102,2011
1505,38,Vancouver,A4 Batteries (4-pack),148,2011
1506,39,Vancouver,A4 Batteries (4-pack),25,2011
1507,40,Vancouver,A4 Batteries (4-pack),134,2011
1508,41,Vancouver,A4 Batteries (4-pack),52,2011
1509,42,Vancouver,A4 Batteries (4-pack),132,2011
1510,43,Vancouver,A4 Batteries (4-pack),117,2011
1511,44,Vancouver,A4 Batteries (4-pack),61,2011
1512,45,Vancouver,A4 Batteries (4-pack),119,2011
1513,46,Vancouver,A4 Batteries (4-pack),132,2011
1514,47,Vancouver,A4 Batteries (4-pack),52,2011
1515,48,Vancouver,A4 Batteries (4-pack),77,2011
1516,49,Vancouver,A4 Batteries (4-pack),22,2011
1517,50,Vancouver,A4 Batteries (4-pack),65,2011
1518,51,Vancouver,A4 Batteries (4-pack),103,2011
1519,52,Vancouver,A4 Batteries (4-pack),100,2011
1520,1,Vancouver,A4 Batteries (4-pack),69,2012
1521,2,Vancouver,A4 Batteries (4-pack),115,2012
1522,3,Vancouver,A4 Batteries (4-pack),99,2012
1523,4,Vancouver,A4 Batteries (4-pack),98,2012
1524,5,Vancouver,A4 Batteries (4-pack),102,2012
1525,6,Vancouver,A4 Batteries (4-pack),148,2012
1526,7,Vancouver,A4 Batteries (4-pack),25,2012
1527,8,Vancouver,A4 Batteries (4-pack),134,2012
1528,9,Vancouver,A4 Batteries (4-pack),52,2012
1529,10,Vancouver,A4 Batteries (4-pack),132,2012
1530,11,Vancouver,A4 Batteries (4-pack),117,2012
1531,12,Vancouver,A4 Batteries (4-pack),61,2012
1532,13,Vancouver,A4 Batteries (4-pack),119,2012
1533,14,Vancouver,A4 Batteries (4-pack),132,2012
1534,15,Vancouver,A4 Batteries (4-pack),52,2012
1535,16,Vancouver,A4 Batteries (4-pack),77,2012
1536,17,Vancouver,A4 Batteries (4-pack),22,2012
1537,18,Vancouver,A4 Batteries (4-pack),65,2012
1538,19,Vancouver,A4 Batteries (4-pack),103,2012
1539,20,Vancouver,A4 Batteries (4-pack),100,2012
1540,21,Vancouver,A4 Batteries (4-pack),79,2012
1541,22,Vancouver,A4 Batteries (4-pack),67,2012
1542,23,Vancouver,A4 Batteries (4-pack),125,2012
1543,24,Vancouver,A4 Batteries (4-pack),126,2012
1544,25,Vancouver,A4 Batteries (4-pack),103,2012
1545,26,Vancouver,A4 Batteries (4-pack),81,2012
1546,27,Vancouver,A4 Batteries (4-pack),31,2012
1547,28,Vancouver,A4 Batteries (4-pack),128,2012
1548,29,Vancouver,A4 Batteries (4-pack),87,2012
1549,30,Vancouver,A4 Batteries (4-pack),115,2012
1550,31,Vancouver,A4 Batteries (4-pack),81,2012
1551,32,Vancouver,A4 Batteries (4-pack),47,2012
1552,33,Vancouver,A4 Batteries (4-pack),85,2012
1553,34,Vancouver,A4 Batteries (4-pack),50,2012
1554,35,Vancouver,A4 Batteries (4-pack),140,2012
1555,36,Vancouver,A4 Batteries (4-pack),25,2012
1556,37,Vancouver,A4 Batteries (4-pack),77,2012
1557,38,Vancouver,A4 Batteries (4-pack),129,2012
1558,39,Vancouver,A4 Batteries (4-pack),61,2012
1559,40,Vancouver,A4 Batteries (4-pack),72,2012
1560,41,Vancouver,A4 Batteries (4-pack),109,2012
1561,42,Vancouver,A4 Batteries (4-pack),87,2012
1562,43,Vancouver,A4 Batteries (4-pack),61,2012
1563,44,Vancouver,A4 Batteries (4-pack),21,2012
1564,45,Vancouver,A4 Batteries (4-pack),30,2012
1565,46,Vancouver,A4 Batteries (4-pack),60,2012
1566,47,Vancouver,A4 Batteries (4-pack),123,2012
1567,48,Vancouver,A4 Batteries (4-pack),25,2012
1568,49,Vancouver,A4 Batteries (4-pack),94,2012
1569,50,Vancouver,A4 Batteries (4-pack),125,2012
1570,51,Vancouver,A4 Batteries (4-pack),56,2012
1571,52,Vancouver,A4 Batteries (4-pack),65,2012
1572,1,Vancouver,A4 Batteries (4-pack),124,2013
1573,2,Vancouver,A4 Batteries (4-pack),80,2013
1574,3,Vancouver,A4 Batteries (4-pack),108,2013
1575,4,Vancouver,A4 Batteries (4-pack),148,2013
1576,5,Vancouver,A4 Batteries (4-pack),132,2013
1577,6,Vancouver,A4 Batteries (4-pack),59,2013
1578,7,Vancouver,A4 Batteries (4-pack),55,2013
1579,8,Vancouver,A4 Batteries (4-pack),99,2013
1580,9,Vancouver,A4 Batteries (4-pack),117,2013
1581,10,Vancouver,A4 Batteries (4-pack),62,2013
1582,11,Vancouver,A4 Batteries (4-pack),80,2013
1583,12,Vancouver,A4 Batteries (4-pack),106,2013
1584,13,Vancouver,A4 Batteries (4-pack),30,2013
1585,14,Vancouver,A4 Batteries (4-pack),36,2013
1586,15,Vancouver,A4 Batteries (4-pack),123,2013
1587,16,Vancouver,A4 Batteries (4-pack),83,2013
1588,17,Vancouver,A4 Batteries (4-pack),87,2013
1589,18,Vancouver,A4 Batteries (4-pack),146,2013
1590,19,Vancouver,A4 Batteries (4-pack),39,2013
1591,20,Vancouver,A4 Batteries (4-pack),123,2013
1592,21,Vancouver,A4 Batteries (4-pack),145,2013
1593,22,Vancouver,A4 Batteries (4-pack),58,2013
1594,23,Vancouver,A4 Batteries (4-pack),50,2013
1595,24,Vancouver,A4 Batteries (4-pack),148,2013
1596,25,Vancouver,A4 Batteries (4-pack),106,2013
1597,26,Vancouver,A4 Batteries (4-pack),96,2013
1598,27,Vancouver,A4 Batteries (4-pack),36,2013
1599,28,Vancouver,A4 Batteries (4-pack),24,2013
1600,29,Vancouver,A4 Batteries (4-pack),45,2013
1601,30,Vancouver,A4 Batteries (4-pack),81,2013
1602,31,Vancouver,A4 Batteries (4-pack),125,2013
1603,32,Vancouver,A4 Batteries (4-pack),126,2013
1604,33,Vancouver,A4 Batteries (4-pack),70,2013
1605,34,Vancouver,A4 Batteries (4-pack),24,2013
1606,35,Vancouver,A4 Batteries (4-pack),137,2013
1607,36,Vancouver,A4 Batteries (4-pack),114,2013
1608,37,Vancouver,A4 Batteries (4-pack),138,2013
1609,38,Vancouver,A4 Batteries (4-pack),23,2013
1610,39,Vancouver,A4 Batteries (4-pack),148,2013
1611,40,Vancouver,A4 Batteries (4-pack),33,2013
1612,41,Vancouver,A4 Batteries (4-pack),134,2013
1613,42,Vancouver,A4 Batteries (4-pack),61,2013
1614,43,Vancouver,A4 Batteries (4-pack),108,2013
1615,44,Vancouver,A4 Batteries (4-pack),149,2013
1616,45,Vancouver,A4 Batteries (4-pack),46,2013
1617,46,Vancouver,A4 Batteries (4-pack),90,2013
1618,47,Vancouver,A4 Batteries (4-pack),60,2013
1619,48,Vancouver,A4 Batteries (4-pack),39,2013
1620,49,Vancouver,A4 Batteries (4-pack),100,2013
1621,50,Vancouver,A4 Batteries (4-pack),104,2013
1622,51,Vancouver,A4 Batteries (4-pack),132,2013
1623,52,Vancouver,A4 Batteries (4-pack),125,2013
1624,1,Vancouver,A4 Batteries (4-pack),106,2014
1625,2,Vancouver,A4 Batteries (4-pack),86,2014
1626,3,Vancouver,A4 Batteries (4-pack),106,2014
1627,4,Vancouver,A4 Batteries (4-pack),53,2014
1628,5,Vancouver,A4 Batteries (4-pack),119,2014
1629,6,Vancouver,A4 Batteries (4-pack),100,2014
1630,7,Vancouver,A4 Batteries (4-pack),51,2014
1631,8,Vancouver,A4 Batteries (4-pack),137,2014
1632,9,Vancouver,A4 Batteries (4-pack),60,2014
1633,10,Vancouver,A4 Batteries (4-pack),88,2014
1634,11,Vancouver,A4 Batteries (4-pack),32,2014
1635,12,Vancouver,A4 Batteries (4-pack),22,2014
1636,13,Vancouver,A4 Batteries (4-pack),29,2014
1637,14,Vancouver,A4 Batteries (4-pack),32,2014
1638,15,Vancouver,A4 Batteries (4-pack),45,2014
1639,16,Vancouver,A4 Batteries (4-pack),98,2014
1640,17,Vancouver,A4 Batteries (4-pack),72,2014
1641,18,Vancouver,A4 Batteries (4-pack),114,2014
1642,19,Vancouver,A4 Batteries (4-pack),52,2014
1643,20,Vancouver,A4 Batteries (4-pack),118,2014
1644,21,Vancouver,A4 Batteries (4-pack),31,2014
1645,22,Vancouver,A4 Batteries (4-pack),26,2014
1646,23,Vancouver,A4 Batteries (4-pack),24,2014
1647,24,Vancouver,A4 Batteries (4-pack),53,2014
1648,25,Vancouver,A4 Batteries (4-pack),146,2014
1649,26,Vancouver,A4 Batteries (4-pack),56,2014
1650,27,Vancouver,A4 Batteries (4-pack),79,2014
1651,28,Vancouver,A4 Batteries (4-pack),38,2014
1652,29,Vancouver,A4 Batteries (4-pack),116,2014
1653,30,Vancouver,A4 Batteries (4-pack),111,2014
1654,31,Vancouver,A4 Batteries (4-pack),82,2014
1655,32,Vancouver,A4 Batteries (4-pack),147,2014
1656,33,Vancouver,A4 Batteries (4-pack),69,2014
1657,34,Vancouver,A4 Batteries (4-pack),107,2014
1658,35,Vancouver,A4 Batteries (4-pack),51,2014
1659,36,Vancouver,A4 Batteries (4-pack),139,2014
1660,37,Vancouver,A4 Batteries (4-pack),102,2014
1661,38,Vancouver,A4 Batteries (4-pack),135,2014
1662,39,Vancouver,A4 Batteries (4-pack),132,2014
1663,40,Vancouver,A4 Batteries (4-pack),73,2014
1664,41,Vancouver,A4 Batteries (4-pack),57,2014
1665,42,Vancouver,A4 Batteries (4-pack),60,2014
1666,43,Vancouver,A4 Batteries (4-pack),107,2014
1667,44,Vancouver,A4 Batteries (4-pack),41,2014
1668,45,Vancouver,A4 Batteries (4-pack),61,2014
1669,46,Vancouver,A4 Batteries (4-pack),88,2014
1670,47,Vancouver,A4 Batteries (4-pack),138,2014
1671,48,Vancouver,A4 Batteries (4-pack),22,2014
1672,49,Vancouver,A4 Batteries (4-pack),148,2014
1673,50,Vancouver,A4 Batteries (4-pack),63,2014
1674,51,Vancouver,A4 Batteries (4-pack),113,2014
1675,52,Vancouver,A4 Batteries (4-pack),89,2015
1676,1,Vancouver,A4 Batteries (4-pack),72,2015
1677,2,Vancouver,A4 Batteries (4-pack),64,2015
1678,3,Vancouver,A4 Batteries (4-pack),147,2015
1679,4,Vancouver,A4 Batteries (4-pack),57,2015
1680,5,Vancouver,A4 Batteries (4-pack),54,2015
1681,6,Vancouver,A4 Batteries (4-pack),93,2015
1682,7,Vancouver,A4 Batteries (4-pack),32,2015
1683,8,Vancouver,A4 Batteries (4-pack),85,2015
1684,9,Vancouver,A4 Batteries (4-pack),53,2015
1685,10,Vancouver,A4 Batteries (4-pack),50,2015
1686,11,Vancouver,A4 Batteries (4-pack),140,2015
1687,12,Vancouver,A4 Batteries (4-pack),22,2015
1688,13,Vancouver,A4 Batteries (4-pack),48,2015
1689,14,Vancouver,A4 Batteries (4-pack),99,2015
1690,15,Vancouver,A4 Batteries (4-pack),29,2015
1691,16,Vancouver,A4 Batteries (4-pack),26,2015
1692,17,Vancouver,A4 Batteries (4-pack),32,2015
1693,18,Vancouver,A4 Batteries (4-pack),87,2015
1694,19,Vancouver,A4 Batteries (4-pack),146,2015
1695,20,Vancouver,A4 Batteries (4-pack),113,2015
1696,21,Vancouver,A4 Batteries (4-pack),26,2015
1697,22,Vancouver,A4 Batteries (4-pack),97,2015
1698,23,Vancouver,A4 Batteries (4-pack),98,2015
1699,24,Vancouver,A4 Batteries (4-pack),94,2015
1700,25,Vancouver,A4 Batteries (4-pack),127,2015
1701,26,Vancouver,A4 Batteries (4-pack),61,2015
1702,27,Vancouver,A4 Batteries (4-pack),61,2015
1703,28,Vancouver,A4 Batteries (4-pack),102,2015
1704,29,Vancouver,A4 Batteries (4-pack),124,2015
1705,30,Vancouver,A4 Batteries (4-pack),31,2015
1706,31,Vancouver,A4 Batteries (4-pack),64,2015
1707,32,Vancouver,A4 Batteries (4-pack),112,2015
1708,33,Vancouver,A4 Batteries (4-pack),65,2015
1709,34,Vancouver,A4 Batteries (4-pack),109,2015
1710,35,Vancouver,A4 Batteries (4-pack),63,2015
1711,36,Vancouver,A4 Batteries (4-pack),47,2015
1712,37,Vancouver,A4 Batteries (4-pack),90,2015
1713,38,Vancouver,A4 Batteries (4-pack),28,2015
1714,39,Vancouver,A4 Batteries (4-pack),46,2015
1715,40,Vancouver,A4 Batteries (4-pack),50,2015
1716,41,Vancouver,A4 Batteries (4-pack),47,2015
1717,42,Vancouver,A4 Batteries (4-pack),51,2015
1718,43,Vancouver,A4 Batteries (4-pack),79,2015
1719,44,Vancouver,A4 Batteries (4-pack),145,2015
1720,45,Vancouver,A4 Batteries (4-pack),129,2015
1721,46,Vancouver,A4 Batteries (4-pack),75,2015
1722,47,Vancouver,A4 Batteries (4-pack),86,2015
1723,48,Vancouver,A4 Batteries (4-pack),122,2015
1724,49,Vancouver,A4 Batteries (4-pack),48,2015
1725,50,Vancouver,A4 Batteries (4-pack),93,2015
1726,51,Vancouver,A4 Batteries (4-pack),47,2015
1727,52,Vancouver,A4 Batteries (4-pack),73,2015
1728,1,Vancouver,A4 Batteries (4-pack),134,2016
1729,2,Vancouver,A4 Batteries (4-pack),109,2016
1730,3,Vancouver,A4 Batteries (4-pack),99,2016
1731,4,Vancouver,A4 Batteries (4-pack),36,2016
1732,5,Vancouver,A4 Batteries (4-pack),147,2016
1733,6,Vancouver,A4 Batteries (4-pack),124,2016
1734,7,Vancouver,A4 Batteries (4-pack),147,2016
1735,8,Vancouver,A4 Batteries (4-pack),81,2016
1736,9,Vancouver,A4 Batteries (4-pack),126,2016
1737,10,Vancouver,A4 Batteries (4-pack),24,2016
1738,11,Vancouver,A4 Batteries (4-pack),56,2016
1739,12,Vancouver,A4 Batteries (4-pack),37,2016
1740,13,Vancouver,A4 Batteries (4-pack),82,2016
1741,14,Vancouver,A4 Batteries (4-pack),46,2016
1742,15,Vancouver,A4 Batteries (4-pack),90,2016
1743,16,Vancouver,A4 Batteries (4-pack),55,2016
1744,17,Vancouver,A4 Batteries (4-pack),63,2016
1745,18,Vancouver,A4 Batteries (4-pack),57,2016
1746,19,Vancouver,A4 Batteries (4-pack),52,2016
1747,20,Vancouver,A4 Batteries (4-pack),82,2016
1748,21,Vancouver,A4 Batteries (4-pack),89,2016
1749,22,Vancouver,A4 Batteries (4-pack),138,2016
1750,23,Vancouver,A4 Batteries (4-pack),138,2016
1751,24,Vancouver,A4 Batteries (4-pack),90,2016
1752,25,Vancouver,A4 Batteries (4-pack),32,2016
1753,26,Vancouver,A4 Batteries (4-pack),31,2016
1754,27,Vancouver,A4 Batteries (4-pack),88,2016
1755,28,Vancouver,A4 Batteries (4-pack),43,2016
1756,29,Vancouver,A4 Batteries (4-pack),148,2016
1757,30,Vancouver,A4 Batteries (4-pack),35,2016
1758,31,Vancouver,A4 Batteries (4-pack),69,2016
1759,32,Vancouver,A4 Batteries (4-pack),42,2016
1760,33,Vancouver,A4 Batteries (4-pack),69,2016
1761,34,Vancouver,A4 Batteries (4-pack),115,2016
1762,35,Vancouver,A4 Batteries (4-pack),99,2016
1763,36,Vancouver,A4 Batteries (4-pack),98,2016
1764,37,Vancouver,A4 Batteries (4-pack),102,2016
1765,38,Vancouver,A4 Batteries (4-pack),148,2016
1766,39,Vancouver,A4 Batteries (4-pack),25,2016
1767,40,Vancouver,A4 Batteries (4-pack),134,2016
1768,41,Vancouver,A4 Batteries (4-pack),52,2016
1769,42,Vancouver,A4 Batteries (4-pack),132,2016
1770,43,Vancouver,A4 Batteries (4-pack),117,2016
1771,44,Vancouver,A4 Batteries (4-pack),61,2016
1772,45,Vancouver,A4 Batteries (4-pack),119,2016
1773,46,Vancouver,A4 Batteries (4-pack),132,2016
1774,47,Vancouver,A4 Batteries (4-pack),52,2016
1775,48,Vancouver,A4 Batteries (4-pack),77,2016
1776,49,Vancouver,A4 Batteries (4-pack),22,2016
1777,50,Vancouver,A4 Batteries (4-pack),65,2016
1778,51,Vancouver,A4 Batteries (4-pack),103,2016
1779,52,Vancouver,A4 Batteries (4-pack),100,2016
1780,1,Vancouver,A4 Batteries (4-pack),69,2017
1781,2,Vancouver,A4 Batteries (4-pack),115,2017
1782,3,Vancouver,A4 Batteries (4-pack),99,2017
1783,4,Vancouver,A4 Batteries (4-pack),98,2017
1784,5,Vancouver,A4 Batteries (4-pack),102,2017
1785,6,Vancouver,A4 Batteries (4-pack),148,2017
1786,7,Vancouver,A4 Batteries (4-pack),25,2017
1787,8,Vancouver,A4 Batteries (4-pack),134,2017
1788,9,Vancouver,A4 Batteries (4-pack),52,2017
1789,10,Vancouver,A4 Batteries (4-pack),132,2017
1790,11,Vancouver,A4 Batteries (4-pack),117,2017
1791,12,Vancouver,A4 Batteries (4-pack),61,2017
1792,13,Vancouver,A4 Batteries (4-pack),119,2017
1793,14,Vancouver,A4 Batteries (4-pack),132,2017
1794,15,Vancouver,A4 Batteries (4-pack),52,2017
1795,16,Vancouver,A4 Batteries (4-pack),77,2017
1796,17,Vancouver,A4 Batteries (4-pack),22,2017
1797,18,Vancouver,A4 Batteries (4-pack),65,2017
1798,19,Vancouver,A4 Batteries (4-pack),103,2017
1799,20,Vancouver,A4 Batteries (4-pack),100,2017
1800,21,Vancouver,A4 Batteries (4-pack),79,2017
1801,22,Vancouver,A4 Batteries (4-pack),67,2017
1802,23,Vancouver,A4 Batteries (4-pack),125,2017
1803,24,Vancouver,A4 Batteries (4-pack),126,2017
1804,25,Vancouver,A4 Batteries (4-pack),103,2017
1805,26,Vancouver,A4 Batteries (4-pack),81,2017
1806,27,Vancouver,A4 Batteries (4-pack),31,2017
1807,28,Vancouver,A4 Batteries (4-pack),128,2017
1808,29,Vancouver,A4 Batteries (4-pack),87,2017
1809,30,Vancouver,A4 Batteries (4-pack),115,2017
1810,31,Vancouver,A4 Batteries (4-pack),81,2017
1811,32,Vancouver,A4 Batteries (4-pack),47,2017
1812,33,Vancouver,A4 Batteries (4-pack),85,2017
1813,34,Vancouver,A4 Batteries (4-pack),50,2017
1814,35,Vancouver,A4 Batteries (4-pack),140,2017
1815,36,Vancouver,A4 Batteries (4-pack),25,2017
1816,37,Vancouver,A4 Batteries (4-pack),77,2017
1817,38,Vancouver,A4 Batteries (4-pack),129,2017
1818,39,Vancouver,A4 Batteries (4-pack),61,2017
1819,40,Vancouver,A4 Batteries (4-pack),72,2017
1820,41,Vancouver,A4 Batteries (4-pack),109,2017
1821,42,Vancouver,A4 Batteries (4-pack),87,2017
1822,43,Vancouver,A4 Batteries (4-pack),61,2017
1823,44,Vancouver,A4 Batteries (4-pack),21,2017
1824,45,Vancouver,A4 Batteries (4-pack),30,2017
1825,46,Vancouver,A4 Batteries (4-pack),60,2017
1826,47,Vancouver,A4 Batteries (4-pack),123,2017
1827,48,Vancouver,A4 Batteries (4-pack),25,2017
1828,49,Vancouver,A4 Batteries (4-pack),94,2017
1829,50,Vancouver,A4 Batteries (4-pack),125,2017
1830,51,Vancouver,A4 Batteries (4-pack),56,2017
1831,52,Vancouver,A4 Batteries (4-pack),65,2017
1832,1,Vancouver,A4 Batteries (4-pack),124,2018
1833,2,Vancouver,A4 Batteries (4-pack),80,2018
1834,3,Vancouver,A4 Batteries (4-pack),108,2018
1835,4,Vancouver,A4 Batteries (4-pack),148,2018
1836,5,Vancouver,A4 Batteries (4-pack),132,2018
1837,6,Vancouver,A4 Batteries (4-pack),59,2018
1838,7,Vancouver,A4 Batteries (4-pack),55,2018
1839,8,Vancouver,A4 Batteries (4-pack),99,2018
1840,9,Vancouver,A4 Batteries (4-pack),117,2018
1841,10,Vancouver,A4 Batteries (4-pack),62,2018
1842,11,Vancouver,A4 Batteries (4-pack),80,2018
1843,12,Vancouver,A4 Batteries (4-pack),106,2018
1844,13,Vancouver,A4 Batteries (4-pack),30,2018
1845,14,Vancouver,A4 Batteries (4-pack),36,2018
1846,15,Vancouver,A4 Batteries (4-pack),123,2018
1847,16,Vancouver,A4 Batteries (4-pack),83,2018
1848,17,Vancouver,A4 Batteries (4-pack),87,2018
1849,18,Vancouver,A4 Batteries (4-pack),146,2018
1850,19,Vancouver,A4 Batteries (4-pack),39,2018
1851,20,Vancouver,A4 Batteries (4-pack),123,2018
1852,21,Vancouver,A4 Batteries (4-pack),145,2018
1853,22,Vancouver,A4 Batteries (4-pack),58,2018
1854,23,Vancouver,A4 Batteries (4-pack),50,2018
1855,24,Vancouver,A4 Batteries (4-pack),148,2018
1856,25,Vancouver,A4 Batteries (4-pack),106,2018
1857,26,Vancouver,A4 Batteries (4-pack),96,2018
1858,27,Vancouver,A4 Batteries (4-pack),36,2018
1859,28,Vancouver,A4 Batteries (4-pack),24,2018
1860,29,Vancouver,A4 Batteries (4-pack),45,2018
1861,30,Vancouver,A4 Batteries (4-pack),81,2018
1862,31,Vancouver,A4 Batteries (4-pack),125,2018
1863,32,Vancouver,A4 Batteries (4-pack),126,2018
1864,33,Vancouver,A4 Batteries (4-pack),70,2018
1865,34,Vancouver,A4 Batteries (4-pack),24,2018
1866,35,Vancouver,A4 Batteries (4-pack),137,2018
1867,36,Vancouver,A4 Batteries (4-pack),114,2018
1868,37,Vancouver,A4 Batteries (4-pack),138,2018
1869,38,Vancouver,A4 Batteries (4-pack),23,2018
1870,39,Vancouver,A4 Batteries (4-pack),148,2018
1871,40,Vancouver,A4 Batteries (4-pack),33,2018
1872,41,Vancouver,A4 Batteries (4-pack),134,2018
1873,42,Vancouver,A4 Batteries (4-pack),61,2018
1874,43,Vancouver,A4 Batteries (4-pack),108,2018
1875,44,Vancouver,A4 Batteries (4-pack),149,2018
1876,45,Vancouver,A4 Batteries (4-pack),46,2018
1877,46,Vancouver,A4 Batteries (4-pack),90,2018
1878,47,Vancouver,A4 Batteries (4-pack),60,2018
1879,48,Vancouver,A4 Batteries (4-pack),39,2018
1880,49,Vancouver,A4 Batteries (4-pack),100,2018
1881,50,Vancouver,A4 Batteries (4-pack),104,2018
1882,51,Vancouver,A4 Batteries (4-pack),132,2018
1883,52,Vancouver,A4 Batteries (4-pack),125,2018
1884,1,Vancouver,A4 Batteries (4-pack),106,2019
1885,2,Vancouver,A4 Batteries (4-pack),86,2019
1886,3,Vancouver,A4 Batteries (4-pack),106,2019
1887,4,Vancouver,A4 Batteries (4-pack),53,2019
1888,5,Vancouver,A4 Batteries (4-pack),119,2019
1889,6,Vancouver,A4 Batteries (4-pack),100,2019
1890,7,Vancouver,A4 Batteries (4-pack),51,2019
1891,8,Vancouver,A4 Batteries (4-pack),137,2019
1892,9,Vancouver,A4 Batteries (4-pack),60,2019
1893,10,Vancouver,A4 Batteries (4-pack),88,2019
1894,11,Vancouver,A4 Batteries (4-pack),32,2019
1895,12,Vancouver,A4 Batteries (4-pack),22,2019
1896,13,Vancouver,A4 Batteries (4-pack),29,2019
1897,14,Vancouver,A4 Batteries (4-pack),32,2019
1898,15,Vancouver,A4 Batteries (4-pack),45,2019
1899,16,Vancouver,A4 Batteries (4-pack),98,2019
1900,17,Vancouver,A4 Batteries (4-pack),72,2019
1901,18,Vancouver,A4 Batteries (4-pack),114,2019
1902,19,Vancouver,A4 Batteries (4-pack),52,2019
1903,20,Vancouver,A4 Batteries (4-pack),118,2019
1904,21,Vancouver,A4 Batteries (4-pack),31,2019
1905,22,Vancouver,A4 Batteries (4-pack),26,2019
1906,23,Vancouver,A4 Batteries (4-pack),24,2019
1907,24,Vancouver,A4 Batteries (4-pack),53,2019
1908,25,Vancouver,A4 Batteries (4-pack),146,2019
1909,26,Vancouver,A4 Batteries (4-pack),56,2019
1910,27,Vancouver,A4 Batteries (4-pack),79,2019
1911,28,Vancouver,A4 Batteries (4-pack),38,2019
1912,29,Vancouver,A4 Batteries (4-pack),116,2019
1913,30,Vancouver,A4 Batteries (4-pack),111,2019
1914,31,Vancouver,A4 Batteries (4-pack),82,2019
1915,32,Vancouver,A4 Batteries (4-pack),147,2019
1916,33,Vancouver,A4 Batteries (4-pack),69,2019
1917,34,Vancouver,A4 Batteries (4-pack),107,2019
1918,35,Vancouver,A4 Batteries (4-pack),51,2019
1919,36,Vancouver,A4 Batteries (4-pack),139,2019
1920,37,Vancouver,A4 Batteries (4-pack),102,2019
1921,38,Vancouver,A4 Batteries (4-pack),135,2019
1922,39,Vancouver,A4 Batteries (4-pack),132,2019
1923,40,Vancouver,A4 Batteries (4-pack),73,2019
1924,41,Vancouver,A4 Batteries (4-pack),57,2019
1925,42,Vancouver,A4 Batteries (4-pack),60,2019
1926,43,Vancouver,A4 Batteries (4-pack),107,2019
1927,44,Vancouver,A4 Batteries (4-pack),41,2019
1928,45,Vancouver,A4 Batteries (4-pack),61,2019
1929,46,Vancouver,A4 Batteries (4-pack),88,2019
1930,47,Vancouver,A4 Batteries (4-pack),138,2019
1931,48,Vancouver,A4 Batteries (4-pack),22,2019
1932,49,Vancouver,A4 Batteries (4-pack),148,2019
1933,50,Vancouver,A4 Batteries (4-pack),63,2019
1934,51,Vancouver,A4 Batteries (4-pack),113,2019
1935,52,Vancouver,A4 Batteries (4-pack),89,2019
1936,1,Vancouver,A4 Batteries (4-pack),72,2020
1937,2,Vancouver,A4 Batteries (4-pack),64,2020
1938,3,Vancouver,A4 Batteries (4-pack),147,2020
1939,4,Vancouver,A4 Batteries (4-pack),57,2020
1940,5,Vancouver,A4 Batteries (4-pack),54,2020
1941,6,Vancouver,A4 Batteries (4-pack),93,2020
1942,7,Vancouver,A4 Batteries (4-pack),32,2020
1943,8,Vancouver,A4 Batteries (4-pack),85,2020
1944,9,Vancouver,A4 Batteries (4-pack),53,2020
1945,10,Vancouver,A4 Batteries (4-pack),50,2020
1946,11,Vancouver,A4 Batteries (4-pack),140,2020
1947,12,Vancouver,A4 Batteries (4-pack),22,2020
1948,13,Vancouver,A4 Batteries (4-pack),48,2020
1949,14,Vancouver,A4 Batteries (4-pack),99,2020
1950,15,Vancouver,A4 Batteries (4-pack),29,2020
1951,16,Vancouver,A4 Batteries (4-pack),26,2020
1952,17,Vancouver,A4 Batteries (4-pack),32,2020
1953,18,Vancouver,A4 Batteries (4-pack),87,2020
1954,19,Vancouver,A4 Batteries (4-pack),146,2020
1955,20,Vancouver,A4 Batteries (4-pack),113,2020
1956,21,Vancouver,A4 Batteries (4-pack),26,2020
1957,22,Vancouver,A4 Batteries (4-pack),97,2020
1958,23,Vancouver,A4 Batteries (4-pack),98,2020
1959,24,Vancouver,A4 Batteries (4-pack),94,2020
1960,25,Vancouver,A4 Batteries (4-pack),127,2020
1961,26,Vancouver,A4 Batteries (4-pack),61,2020
1962,27,Vancouver,A4 Batteries (4-pack),61,2020
1963,28,Vancouver,A4 Batteries (4-pack),102,2020
1964,29,Vancouver,A4 Batteries (4-pack),124,2020
1965,30,Vancouver,A4 Batteries (4-pack),31,2020
1966,31,Vancouver,A4 Batteries (4-pack),64,2020
1967,32,Vancouver,A4 Batteries (4-pack),112,2020
1968,33,Vancouver,A4 Batteries (4-pack),65,2020
1969,34,Vancouver,A4 Batteries (4-pack),109,2020
1970,35,Vancouver,A4 Batteries (4-pack),63,2020
1971,36,Vancouver,A4 Batteries (4-pack),47,2020
1972,37,Vancouver,A4 Batteries (4-pack),90,2020
1973,38,Vancouver,A4 Batteries (4-pack),28,2020
1974,39,Vancouver,A4 Batteries (4-pack),46,2020
1975,40,Vancouver,A4 Batteries (4-pack),50,2020
1976,41,Vancouver,A4 Batteries (4-pack),47,2020
1977,42,Vancouver,A4 Batteries (4-pack),51,2020
1978,43,Vancouver,A4 Batteries (4-pack),79,2020
1979,44,Vancouver,A4 Batteries (4-pack),145,2020
1980,45,Vancouver,A4 Batteries (4-pack),129,2020
1981,46,Vancouver,A4 Batteries (4-pack),75,2020
1982,47,Vancouver,A4 Batteries (4-pack),86,2020
1983,48,Vancouver,A4 Batteries (4-pack),122,2020
1984,49,Vancouver,A4 Batteries (4-pack),48,2020
1985,50,Vancouver,A4 Batteries (4-pack),93,2020
1986,51,Vancouver,A4 Batteries (4-pack),47,2020
1987,52,Vancouver,A4 Batteries (4-pack),73,2020
1988,1,Vancouver,A4 Batteries (4-pack),134,2021
1989,2,Vancouver,A4 Batteries (4-pack),109,2021
1990,3,Vancouver,A4 Batteries (4-pack),99,2021
1991,4,Vancouver,A4 Batteries (4-pack),36,2021
1992,5,Vancouver,A4 Batteries (4-pack),147,2021
1993,6,Vancouver,A4 Batteries (4-pack),124,2021
1994,7,Vancouver,A4 Batteries (4-pack),147,2021
1995,8,Vancouver,A4 Batteries (4-pack),81,2021
1996,9,Vancouver,A4 Batteries (4-pack),126,2021
1997,10,Vancouver,A4 Batteries (4-pack),24,2021
1998,11,Vancouver,A4 Batteries (4-pack),56,2021
1999,12,Vancouver,A4 Batteries (4-pack),37,2021
2000,13,Vancouver,A4 Batteries (4-pack),82,2021
2001,14,Vancouver,A4 Batteries (4-pack),46,2021
2002,15,Vancouver,A4 Batteries (4-pack),90,2021
2003,16,Vancouver,A4 Batteries (4-pack),55,2021
2004,17,Vancouver,A4 Batteries (4-pack),63,2021
2005,18,Vancouver,A4 Batteries (4-pack),57,2021
2006,19,Vancouver,A4 Batteries (4-pack),52,2021
2007,20,Vancouver,A4 Batteries (4-pack),82,2021
2008,21,Vancouver,A4 Batteries (4-pack),89,2021
2009,22,Vancouver,A4 Batteries (4-pack),138,2021
2010,23,Vancouver,A4 Batteries (4-pack),138,2021
2011,24,Vancouver,A4 Batteries (4-pack),90,2021
2012,25,Vancouver,A4 Batteries (4-pack),32,2021
2013,26,Vancouver,A4 Batteries (4-pack),31,2021
2014,27,Vancouver,A4 Batteries (4-pack),88,2021
2015,28,Vancouver,A4 Batteries (4-pack),43,2021
2016,29,Vancouver,A4 Batteries (4-pack),148,2021
2017,30,Vancouver,A4 Batteries (4-pack),35,2021
2018,31,Vancouver,A4 Batteries (4-pack),69,2021
2019,32,Vancouver,A4 Batteries (4-pack),42,2021
2020,33,Vancouver,A4 Batteries (4-pack),69,2021
2021,34,Vancouver,A4 Batteries (4-pack),115,2021
2022,35,Vancouver,A4 Batteries (4-pack),99,2021
2023,36,Vancouver,A4 Batteries (4-pack),98,2021
2024,37,Vancouver,A4 Batteries (4-pack),102,2021
2025,38,Vancouver,A4 Batteries (4-pack),148,2021
2026,39,Vancouver,A4 Batteries (4-pack),25,2021
2027,40,Vancouver,A4 Batteries (4-pack),134,2021
2028,41,Vancouver,A4 Batteries (4-pack),52,2021
2029,42,Vancouver,A4 Batteries (4-pack),132,2021
2030,43,Vancouver,A4 Batteries (4-pack),117,2021
2031,44,Vancouver,A4 Batteries (4-pack),61,2021
2032,45,Vancouver,A4 Batteries (4-pack),119,2021
2033,46,Vancouver,A4 Batteries (4-pack),132,2021
2034,47,Vancouver,A4 Batteries (4-pack),52,2021
2035,48,Vancouver,A4 Batteries (4-pack),77,2021
2036,49,Vancouver,A4 Batteries (4-pack),22,2021
2037,50,Vancouver,A4 Batteries (4-pack),65,2021
2038,51,Vancouver,A4 Batteries (4-pack),103,2021
2039,52,Vancouver,A4 Batteries (4-pack),100,2021
